﻿pos_x,pos_y,rotation,side,designator,mpn,pack,footprint,value,mount_type,place
181.61,-110.617,180.0,top,C1,,,C_0402_1005Metric,10p,smt,True
187.4012,-105.5878,-90.0,top,C11,,,C_0201_0603Metric,100n,smt,True
185.9788,-94.9198,90.0,top,C12,,,C_0201_0603Metric,100n,smt,True
191.7954,-96.2914,0.0,top,C13,,,C_0402_1005Metric,10u,smt,True
191.5922,-97.155,0.0,top,C14,,,C_0201_0603Metric,100n,smt,True
190.3476,-95.3516,90.0,top,C15,,,C_0402_1005Metric,1u,smt,True
189.3824,-95.3516,90.0,top,C16,,,C_0402_1005Metric,1u,smt,True
187.8076,-116.5606,180.0,top,C17,,,C_0201_0603Metric,100n,smt,True
181.61,-78.613,-90.0,top,C18,,,C_0201_0603Metric,100n,smt,True
179.578,-78.74,0.0,top,C19,,,C_0603_1608Metric,10u,smt,True
181.61,-105.283,0.0,top,C2,,,C_0402_1005Metric,10p,smt,True
192.2526,-109.22,0.0,top,C20,,,C_0201_0603Metric,0.1u,smt,True
193.04,-107.3404,90.0,top,C21,,,C_0402_1005Metric,2u2,smt,True
189.6872,-109.22,0.0,top,C22,,,C_0201_0603Metric,10n,smt,True
186.3852,-86.614,0.0,top,C23,,,C_0201_0603Metric,100n,smt,True
191.516,-88.265,-90.0,top,C24,,,C_0805_2012Metric,4u7,smt,True
197.104,-88.265,-90.0,top,C25,,,C_0805_2012Metric,C_Small,smt,True
180.34,-129.667,-90.0,top,C26,,,C_0201_0603Metric,100n,smt,True
181.991,-97.3836,90.0,top,C3,,,C_0402_1005Metric,1u,smt,True
181.737,-101.9048,180.0,top,C4,,,C_0201_0603Metric,100n,smt,True
186.6392,-105.5878,-90.0,top,C5,,,C_0201_0603Metric,100n,smt,True
191.6176,-101.6,0.0,top,C6,,,C_0201_0603Metric,100n,smt,True
191.5922,-97.917,0.0,top,C7,,,C_0201_0603Metric,100n,smt,True
186.7408,-94.9198,90.0,top,C8,,,C_0201_0603Metric,100n,smt,True
187.579,-80.1878,0.0,top,D1,,,SOT-143,PRTR5V0U2X,smt,True
177.038,-74.295,0.0,top,D2,,,LED_0402_1005Metric,Orange,smt,True
177.038,-77.724,0.0,top,D3,,,LED_0402_1005Metric,Green,smt,True
186.944,-108.458,180.0,top,D4,,,LED_SK6805_PLCC4_2.4x2.7mm_P1.3mm,SK6805,smt,True
190.5,-79.883,90.0,top,D5,,,D_1206_3216Metric,MBR0540,smt,True
196.088,-73.5076,90.0,top,D6,,,LED_0402_1005Metric,3V3,smt,True
194.056,-73.5171,90.0,top,D7,,,LED_0402_1005Metric,3V3,smt,True
191.8208,-95.3008,0.0,top,FB1,,,R_0402_1005Metric,480R@100MHz,smt,True
182.536,-82.185,-90.0,top,J1,,,JST_PH_S2B-PH-K_1x02_P2.00mm_Horizontal,Conn_01x02,tht,True
177.825,-96.022,0.0,top,J2,,,PinHeader_1x14_P2.54mm_Vertical,Conn_01x14,tht,True
184.785,-113.792,90.0,top,J3,,,Tag-Connect_TC2030-IDC-NL_2x03_P1.27mm_Vertical,TC2030-NL,tht,False
187.853,-124.561,0.0,top,J4,,,microSD_HC_Hirose_DM3D-SF,Micro_SD_Card_Det1,smt,True
196.621,-96.022,0.0,top,J5,,,PinHeader_1x14_P2.54mm_Vertical,Conn_01x14,tht,True
182.9446,-92.4814,180.0,bottom,J6,,,SolderJumper-2_P1.3mm_Open_TrianglePad1.0x1.5mm,Conn_01x02,tht,True
194.945,-83.693,0.0,top,L1,,,L_Coilcraft_XAL4020-XXX,2u2,smt,True
187.579,-72.136,180.0,top,P1,,,USB_C_Receptacle_HRO_TYPE-C-31-M-12,USB_C_Plug_USB2.0,smt,True
193.802,-79.4371,0.0,top,Q1,,,SOT-23,AO3401A,smt,True
183.896,-107.95,-90.0,top,R1,,,R_0201_0603Metric,1K,smt,True
177.3936,-87.7062,-90.0,top,R10,,,R_0201_0603Metric,DNF,smt,True
196.7484,-78.1812,0.0,top,R11,,,R_0402_1005Metric,10K,smt,True
191.516,-85.979,0.0,top,R12,,,R_0402_1005Metric,10K,smt,True
194.31,-91.059,0.0,top,R13,,,R_0201_0603Metric,442k,smt,True
195.834,-91.44,-90.0,top,R14,,,R_0201_0603Metric,100k,smt,True
191.5414,-125.857,-90.0,bottom,R15,,,R_0805_2012Metric,DNF,smt,True
176.6316,-87.7062,-90.0,top,R16,,,R_0201_0603Metric,1K,smt,True
197.104,-73.5076,90.0,top,R17,,,R_0402_1005Metric,5K1,smt,True
194.1576,-109.1946,-90.0,top,R18,,,R_0201_0603Metric,10K,smt,True
193.8528,-110.3122,0.0,top,R19,,,R_0201_0603Metric,10K,smt,True
193.4464,-76.5302,-90.0,top,R2,,,R_0201_0603Metric,5K1,smt,True
195.072,-73.5076,90.0,top,R20,,,R_0402_1005Metric,5K1,smt,True
183.6928,-79.2226,180.0,top,R3,,,R_0201_0603Metric,5K1,smt,True
188.3156,-82.296,180.0,top,R4,,,R_0201_0603Metric,27R,smt,True
186.8424,-82.296,0.0,top,R5,,,R_0201_0603Metric,27R,smt,True
187.8076,-117.3226,0.0,top,R6,,,R_0201_0603Metric,4k7,smt,True
180.086,-73.66,0.0,top,R7,,,R_0402_1005Metric,5K,smt,True
177.038,-75.438,180.0,top,R8,,,R_0402_1005Metric,5K,smt,True
177.038,-76.581,180.0,top,R9,,,R_0402_1005Metric,5K,smt,True
190.754,-113.4364,180.0,top,SW1,,,SW_SPST_PTS647_Sx38,RESET,smt,True
186.69,-100.584,0.0,top,U1,,,QFN-56-1EP_7x7mm_P0.4mm_EP3.2x3.2mm,RP2040,smt,True
194.31,-88.392,-90.0,top,U2,,,SOT-23-5,TLV62569DBV,smt,True
182.4736,-89.9414,0.0,top,U3,,,SOIC-8_5.23x5.23mm_P1.27mm,W25Q128JVS,smt,True
180.086,-75.946,0.0,top,U4,,,SOT-23-5,MCP73831-2-OT,smt,True
190.7286,-107.2642,0.0,top,U6,,LGA-14 TDK InvenSense,PQFN50P300X250X97-14N,ICM-42688-P,smt,True
181.61,-107.95,-90.0,top,Y1,,,Crystal_SMD_3225-4Pin_3.2x2.5mm,12MHZ,smt,True
