﻿Designator,Quantity,Value,Footprint,Package,MPN,DNP,Mount_Type,Description,MF,MAXIMUM_PACKAGE_HEIGHT,Price,Check_prices,STANDARD,PARTREV,SnapEDA_Link,MP,Purchase-URL,Description_1,Availability,MANUFACTURER
"C1, C2",2,10p,C_0402_1005Metric,,,,smt,"Unpolarized capacitor, small symbol",,,,,,,,,,,,
"C10, C15, C16, C27, C3, C9",6,1u,C_0402_1005Metric,,,,smt,"Unpolarized capacitor, small symbol",,,,,,,,,,,,
"C11, C12, C14, C17, C23, C4, C5, C6, C7, C8",10,100n,C_0201_0603Metric,,,,smt,"Unpolarized capacitor, small symbol",,,,,,,,,,,,
C13,1,10u,C_0402_1005Metric,,,,smt,"Unpolarized capacitor, small symbol",,,,,,,,,,,,
C18,1,4u7,C_0402_1005Metric,,,,smt,"Unpolarized capacitor, small symbol",,,,,,,,,,,,
C19,1,10u,C_0603_1608Metric,,,,smt,"Unpolarized capacitor, small symbol",,,,,,,,,,,,
C20,1,0.1u,C_0201_0603Metric,,,,smt,"Unpolarized capacitor, small symbol",,,,,,,,,,,,
C21,1,2u2,C_0402_1005Metric,,,,smt,"Unpolarized capacitor, small symbol",,,,,,,,,,,,
C22,1,10n,C_0201_0603Metric,,,,smt,"Unpolarized capacitor, small symbol",,,,,,,,,,,,
C24,1,4u7,C_0805_2012Metric,,,,smt,"Unpolarized capacitor, small symbol",,,,,,,,,,,,
C25,1,C_Small,C_0805_2012Metric,,,,smt,"Unpolarized capacitor, small symbol",,,,,,,,,,,,
C26,1,100n,C_0805_2012Metric_Pad1.18x1.45mm_HandSolder,,,,smt,"Unpolarized capacitor, small symbol",,,,,,,,,,,,
D1,1,PRTR5V0U2X,SOT-143,,,,smt,"Ultra low capacitance double rail-to-rail ESD protection diode, SOT-143",,,,,,,,,,,,
D2,1,Orange,LED_0402_1005Metric,,,,smt,"Light emitting diode, small symbol",,,,,,,,,,,,
D4,1,SK6805,LED_SK6805_PLCC4_2.4x2.7mm_P1.3mm,,,,smt,RGB LED with integrated controller,,,,,,,,,,,,
D5,1,MBR0540,D_1206_3216Metric,,,,smt,"Schottky diode, small symbol, filled shape",,,,,,,,,,,,
"D6, D7",2,3V3,LED_0402_1005Metric,,,,smt,"Light emitting diode, small symbol",,,,,,,,,,,,
FB1,1,480R@100MHz,R_0402_1005Metric,,,,smt,"Ferrite bead, small symbol",,,,,,,,,,,,
J1,1,Conn_01x02,JST_PH_S2B-PH-K_1x02_P2.00mm_Horizontal,,,,tht,"Generic connector, single row, 01x02, script generated (kicad-library-utils/schlib/autogen/connector/)",,,,,,,,,,,,
"J2, J5",2,Conn_01x14,PinHeader_1x14_P2.54mm_Vertical,,,,tht,"Generic connector, single row, 01x14, script generated (kicad-library-utils/schlib/autogen/connector/)",,,,,,,,,,,,
J3,1,TC2030-NL,Tag-Connect_TC2030-IDC-NL_2x03_P1.27mm_Vertical,,,,tht,"Tag-Connect ARM Cortex SWD JTAG connector, 6 pin, no legs",,,,,,,,,,,,
J4,1,Micro_SD_Card_Det1,microSD_HC_Hirose_DM3D-SF,,,,smt,Micro SD Card Socket with one card detection pin,,,,,,,,,,,,
J6,1,Conn_01x02,SolderJumper-2_P1.3mm_Open_TrianglePad1.0x1.5mm,,,,tht,"Generic connector, single row, 01x02, script generated (kicad-library-utils/schlib/autogen/connector/)",,,,,,,,,,,,
L1,1,2u2,L_Coilcraft_XAL4020-XXX,,,,smt,"Inductor, small symbol",,,,,,,,,,,,
P1,1,USB_C_Plug_USB2.0,USB_C_Receptacle_HRO_TYPE-C-31-M-12,,,,smt,USB 2.0-only Type-C Plug connector,,,,,,,,,,,,
Q1,1,AO3401A,SOT-23,,,,smt,"-4.0A Id, -30V Vds, P-Channel MOSFET, SOT-23",,,,,,,,,,,,
"R1, R16",2,1K,R_0201_0603Metric,,,,smt,"Resistor, small US symbol",,,,,,,,,,,,
R10,1,DNF,R_0201_0603Metric,,,,smt,"Resistor, small US symbol",,,,,,,,,,,,
"R11, R12",2,10K,R_0402_1005Metric,,,,smt,"Resistor, small US symbol",,,,,,,,,,,,
R13,1,442k,R_0201_0603Metric,,,,smt,"Resistor, small US symbol",,,,,,,,,,,,
R14,1,100k,R_0201_0603Metric,,,,smt,"Resistor, small US symbol",,,,,,,,,,,,
R15,1,DNF,R_0805_2012Metric_Pad1.20x1.40mm_HandSolder,,,,smt,"Resistor, small US symbol",,,,,,,,,,,,
"R17, R20",2,5K1,R_0402_1005Metric,,,,smt,"Resistor, small US symbol",,,,,,,,,,,,
"R18, R19",2,10K,R_0201_0603Metric,,,,smt,"Resistor, small US symbol",,,,,,,,,,,,
"R2, R3",2,5K1,R_0201_0603Metric,,,,smt,"Resistor, small US symbol",,,,,,,,,,,,
"R4, R5",2,27R,R_0201_0603Metric,,,,smt,"Resistor, small US symbol",,,,,,,,,,,,
R6,1,4k7,R_0201_0603Metric,,,,smt,"Resistor, small US symbol",,,,,,,,,,,,
"R7, R8",2,5K,R_0402_1005Metric,,,,smt,"Resistor, small US symbol",,,,,,,,,,,,
SW1,1,RESET,SW_SPST_PTS647_Sx38,,,,smt,"Push button switch, generic, two pins",,,,,,,,,,,,
SW2,1,BOOTLOADER,SW_SPST_PTS647_Sx38,,,,smt,"Push button switch, generic, two pins",,,,,,,,,,,,
U1,1,RP2040,QFN-56-1EP_7x7mm_P0.4mm_EP3.2x3.2mm,,,,smt,A microcontroller by Raspberry Pi,,,,,,,,,,,,
U2,1,TLV62569DBV,SOT-23-5,,,,smt,"High Efficiency Synchronous Buck Converter, Adjustable Output 0.6V-5.5V, 2A, SOT-23-5",,,,,,,,,,,,
U3,1,W25Q128JVS,SOIC-8_5.23x5.23mm_P1.27mm,,,,smt,"128Mb Serial Flash Memory, Standard/Dual/Quad SPI, SOIC-8",,,,,,,,,,,,
U4,1,MCP73831-2-OT,SOT-23-5,,,,smt,"Single cell, Li-Ion/Li-Po charge management controller, 4.20V, Tri-State Status Output, in SOT23-5 package",,,,,,,,,,,,
U6,1,ICM-42688-P,PQFN50P300X250X97-14N,LGA-14 TDK InvenSense,,,smt,,TDK InvenSense,0.97mm,None,https://www.snapeda.com/parts/ICM-42688-P/TDK+InvenSense/view-part/?ref=eda,IPC-7351B,1.2,https://www.snapeda.com/parts/ICM-42688-P/TDK+InvenSense/view-part/?ref=snap,ICM-42688-P,https://www.snapeda.com/api/url_track_click_mouser/?unipart_id=4791856&manufacturer=TDK InvenSense&part_name=ICM-42688-P&search_term=None,"
Accelerometer, Gyroscope, 6 Axis Sensor - Output
",In Stock,TDK InvenSense
Y1,1,12MHZ,Crystal_SMD_3225-4Pin_3.2x2.5mm,,,,smt,"Four pin crystal, GND on pins 2 and 4",,,,,,,,,,,,
